{"stats":{"minecraft:mined":{"minecraft:tall_grass":1,"minecraft:grass_block":2},"minecraft:picked_up":{"minecraft:dirt":2},"minecraft:custom":{"minecraft:jump":88,"minecraft:time_since_rest":3045,"minecraft:leave_game":1,"minecraft:damage_dealt":68,"minecraft:play_one_minute":3045,"minecraft:damage_taken":70,"minecraft:sprint_one_cm":8551,"minecraft:walk_on_water_one_cm":329,"minecraft:time_since_death":3045,"minecraft:walk_one_cm":3130,"minecraft:fall_one_cm":3120,"minecraft:fly_one_cm":13510},"minecraft:used":{"minecraft:dirt":1}},"DataVersion":2586}