{"stat.walkOneCm":7472,"stat.leaveGame":7,"stat.useItem.minecraft.log":3,"stat.mineBlock.minecraft.yellow_flower":1,"stat.mineBlock.minecraft.double_plant":7,"stat.pickup.minecraft.log":1,"stat.jump":131,"stat.swimOneCm":3737,"stat.fallOneCm":4487,"stat.entityKilledBy.Skeleton":1,"stat.crouchOneCm":642,"stat.pickup.minecraft.dirt":1,"stat.sprintOneCm":29086,"stat.damageTaken":570,"stat.mobKills":1,"stat.mineBlock.minecraft.log":1,"stat.entityKilledBy.Creeper":1,"stat.flyOneCm":55949,"stat.deaths":2,"stat.pickup.minecraft.wheat_seeds":2,"stat.mineBlock.minecraft.leaves":4,"stat.playOneMinute":7380,"stat.sneakTime":224,"stat.damageDealt":239,"stat.timeSinceDeath":4706,"stat.pickup.minecraft.yellow_flower":1,"stat.mineBlock.minecraft.dirt":1,"stat.mineBlock.minecraft.tallgrass":10}