{"stat.walkOneCm":5488,"stat.leaveGame":5,"stat.useItem.minecraft.log":1,"stat.mineBlock.minecraft.yellow_flower":1,"stat.mineBlock.minecraft.double_plant":7,"stat.pickup.minecraft.log":1,"stat.jump":110,"stat.swimOneCm":3269,"stat.fallOneCm":4487,"stat.entityKilledBy.Skeleton":1,"stat.pickup.minecraft.dirt":1,"stat.sprintOneCm":25378,"stat.damageTaken":570,"stat.mobKills":1,"stat.mineBlock.minecraft.log":1,"stat.entityKilledBy.Creeper":1,"stat.flyOneCm":42270,"stat.deaths":2,"stat.pickup.minecraft.wheat_seeds":2,"stat.mineBlock.minecraft.leaves":4,"stat.playOneMinute":5643,"stat.damageDealt":239,"stat.timeSinceDeath":2969,"stat.pickup.minecraft.yellow_flower":1,"stat.mineBlock.minecraft.dirt":1,"stat.mineBlock.minecraft.tallgrass":10}