{"stat.walkOneCm":4591,"stat.leaveGame":4,"stat.damageTaken":500,"stat.mineBlock.minecraft.yellow_flower":1,"stat.mineBlock.minecraft.double_plant":7,"stat.entityKilledBy.Creeper":1,"stat.flyOneCm":15211,"stat.deaths":2,"stat.pickup.minecraft.wheat_seeds":2,"stat.jump":86,"stat.swimOneCm":3269,"stat.mineBlock.minecraft.leaves":4,"stat.playOneMinute":4016,"stat.fallOneCm":2523,"stat.entityKilledBy.Skeleton":1,"stat.damageDealt":209,"stat.timeSinceDeath":1342,"stat.pickup.minecraft.yellow_flower":1,"stat.pickup.minecraft.dirt":1,"stat.sprintOneCm":23107,"stat.mineBlock.minecraft.dirt":1,"stat.mineBlock.minecraft.tallgrass":10}