{"stat.walkOneCm":11315,"stat.leaveGame":8,"stat.useItem.minecraft.log":3,"stat.mineBlock.minecraft.yellow_flower":1,"stat.mineBlock.minecraft.double_plant":7,"stat.pickup.minecraft.log":1,"stat.jump":225,"stat.swimOneCm":3737,"stat.fallOneCm":4487,"stat.pickup.minecraft.beef":3,"stat.entityKilledBy.Skeleton":1,"stat.crouchOneCm":968,"stat.pickup.minecraft.dirt":1,"stat.useItem.minecraft.leaves":2,"stat.sprintOneCm":39395,"stat.damageTaken":570,"stat.pickup.minecraft.leather":2,"stat.mobKills":2,"stat.mineBlock.minecraft.log":1,"stat.entityKilledBy.Creeper":1,"stat.flyOneCm":155896,"stat.deaths":2,"stat.pickup.minecraft.wheat_seeds":2,"stat.mineBlock.minecraft.leaves":4,"stat.playOneMinute":33986,"stat.sneakTime":444,"stat.damageDealt":339,"stat.timeSinceDeath":31312,"stat.pickup.minecraft.yellow_flower":1,"stat.killEntity.Cow":1,"stat.mineBlock.minecraft.dirt":1,"stat.mineBlock.minecraft.tallgrass":10}