{"stat.walkOneCm":4405,"stat.useItem.minecraft.sapling":2,"stat.pickup.minecraft.stick":1,"stat.leaveGame":1,"stat.useItem.minecraft.log":1,"stat.damageTaken":150,"stat.mineBlock.minecraft.double_plant":5,"stat.mineBlock.minecraft.deadbush":1,"stat.mineBlock.minecraft.sapling":2,"stat.mobKills":1,"stat.mineBlock.minecraft.log":1,"stat.pickup.minecraft.log":1,"stat.flyOneCm":7659,"stat.mineBlock.minecraft.leaves":12,"stat.jump":52,"stat.playOneMinute":4465,"stat.fallOneCm":2054,"stat.sneakTime":73,"stat.pickup.minecraft.rabbit":1,"stat.damageDealt":90,"stat.killEntity.Rabbit":1,"stat.crouchOneCm":67,"stat.timeSinceDeath":4465,"stat.pickup.minecraft.sapling":4,"stat.sprintOneCm":14068,"stat.mineBlock.minecraft.tallgrass":10}