{"stat.walkOneCm":5499,"stat.pickup.minecraft.stick":3,"stat.leaveGame":2,"stat.useItem.minecraft.log":1,"stat.mineBlock.minecraft.double_plant":5,"stat.mineBlock.minecraft.deadbush":2,"stat.pickup.minecraft.log":1,"stat.jump":64,"stat.fallOneCm":2681,"stat.crouchOneCm":67,"stat.pickup.minecraft.sapling":4,"stat.sprintOneCm":18285,"stat.pickup.minecraft.sand":1,"stat.useItem.minecraft.sapling":2,"stat.damageTaken":150,"stat.mineBlock.minecraft.sapling":2,"stat.mobKills":2,"stat.mineBlock.minecraft.log":1,"stat.flyOneCm":12115,"stat.mineBlock.minecraft.leaves":12,"stat.mineBlock.minecraft.sand":1,"stat.playOneMinute":4948,"stat.sneakTime":73,"stat.pickup.minecraft.rabbit":1,"stat.damageDealt":134,"stat.killEntity.Rabbit":1,"stat.timeSinceDeath":4948,"stat.killEntity.Pig":1,"stat.mineBlock.minecraft.tallgrass":10}