{
  "minecraft:recipes/building_blocks/spruce_planks": {
    "criteria": {
      "has_log": "2024-05-11 16:26:59 +0000"
    },
    "done": true
  },
  "minecraft:recipes/misc/paper": {
    "criteria": {
      "has_reeds": "2024-05-11 16:27:24 +0000"
    },
    "done": true
  },
  "minecraft:recipes/misc/sugar": {
    "criteria": {
      "has_reeds": "2024-05-11 16:27:24 +0000"
    },
    "done": true
  },
  "minecraft:adventure/adventuring_time": {
    "criteria": {
      "forest": "2024-05-11 16:27:52 +0000",
      "beaches": "2024-05-11 16:27:18 +0000",
      "taiga": "2024-05-11 16:23:31 +0000",
      "taiga_hills": "2024-05-11 16:23:34 +0000"
    },
    "done": false
  }
}